start_name	start_lat	start_lng	start_details	end_name	end_lat	end_lng	end_details	ut_start	duration_min	distance_km	avg_speed_kmph	direct_distance_km	direct_speed_kmph
Pamankada	6.871812810816128	79.88456400975986	High Level Road border of CMC (Colombo 6)	Kottawa	6.841647091563346	79.96449174759974	Kottawa Junction (A4/B239), Kottawa	1775655357.5671194	37	10.4	16.864864864864863	9.443195657737533	15.313290255790594
Pamankada	6.871812810816128	79.88456400975986	High Level Road border of CMC (Colombo 6)	Aturugiriya	6.87722749527089	79.98987668179261	Aturugiriya Junction (B174/B240), Aturugiriya	1775655361.4131455	48	14.6	18.25	11.655021131299872	14.568776414124839
Wellawatte	6.863365550501378	79.86358885114313	Northside of Dehiwala Bridge, on Galle Road (Colombo 6)	Moratuwa	6.788030380306272	79.88504495908792	Rawathawatta Junction (A2/B295), Moratuwa	1775655365.281014	34	11.1	19.58823529411765	8.662308357843495	15.286426513841462
Kandana	7.046581699037997	79.89717707438007	Cross Junction (A3), Kandana	Mattakkuliya	6.980032263089517	79.87550713996588	Southside of Mattakkuliya Bridge, on New Negombo Road (Colombo 15)	1775655369.1669328	25	9.7	23.279999999999998	7.739442587039504	18.574662208894807
Kaduwela	6.935663872254112	79.98420623233142	Kaduwela Junction (AB4/AB10/B263), Kaduwela	Dematagoda	6.943065393059455	79.87826854808782	Southside of Dematagoda Canal Bridge, on A1/Baseline Road (Colombo 9)	1775655373.061368	36	12.2	20.333333333333332	11.735693129487954	19.55948854914659
Kiribathgoda	6.978204449845138	79.92727465626395	Kiribathgoda Junction (A1/B221), Kiribathgoda	Dematagoda	6.943065393059455	79.87826854808782	Southside of Dematagoda Canal Bridge, on A1/Baseline Road (Colombo 9)	1775655376.9107213	16	7.5	28.125	6.665422805036668	24.995335518887504
Aturugiriya	6.87722749527089	79.98987668179261	Aturugiriya Junction (B174/B240), Aturugiriya	Borella	6.91083821658074	79.88785806605529	Ayurveda Junction on Sri Jayewardenepura Mawatha (Colombo 8)	1775655380.7716076	38	14.5	22.894736842105264	11.871982333521588	18.74523526345514
Kaduwela	6.935663872254112	79.98420623233142	Kaduwela Junction (AB4/AB10/B263), Kaduwela	Borella	6.91083821658074	79.88785806605529	Ayurveda Junction on Sri Jayewardenepura Mawatha (Colombo 8)	1775655384.6096	40	13.6	20.400000000000002	10.99600249974914	16.49400374962371
Piliyandala	6.801780406413278	79.92271874315743	Piliyandala Junction (B84/B367), Piliyandala	Pamankada	6.871812810816128	79.88456400975986	High Level Road border of CMC (Colombo 6)	1775655388.467791	25	9.8	23.52	8.818695432749612	21.16486903859907
Kottawa	6.841647091563346	79.96449174759974	Kottawa Junction (A4/B239), Kottawa	Pamankada	6.871812810816128	79.88456400975986	High Level Road border of CMC (Colombo 6)	1775655392.3312473	30	10.0	20.0	9.443195657737533	18.886391315475066
Aturugiriya	6.87722749527089	79.98987668179261	Aturugiriya Junction (B174/B240), Aturugiriya	Pamankada	6.871812810816128	79.88456400975986	High Level Road border of CMC (Colombo 6)	1775655396.165975	45	13.5	18.0	11.655021131299872	15.540028175066496
Moratuwa	6.788030380306272	79.88504495908792	Rawathawatta Junction (A2/B295), Moratuwa	Wellawatte	6.863365550501378	79.86358885114313	Northside of Dehiwala Bridge, on Galle Road (Colombo 6)	1775655400.0080788	24	9.3	23.25	8.662308357843495	21.655770894608736
Mattakkuliya	6.980032263089517	79.87550713996588	Southside of Mattakkuliya Bridge, on New Negombo Road (Colombo 15)	Fort	6.931424355241801	79.84220762949998	Lotus Road/Galle Face Roundabout (Colombo 1)	1775658904.4441733	20	7.2	21.6	6.514415919658892	19.543247758976676
Mattakkuliya	6.980032263089517	79.87550713996588	Southside of Mattakkuliya Bridge, on New Negombo Road (Colombo 15)	Dematagoda	6.943065393059455	79.87826854808782	Southside of Dematagoda Canal Bridge, on A1/Baseline Road (Colombo 9)	1775658913.756226	14	5.0	21.428571428571427	4.099560395225095	17.569544550964693
Dematagoda	6.943065393059455	79.87826854808782	Southside of Dematagoda Canal Bridge, on A1/Baseline Road (Colombo 9)	Bambalapitiya	6.895575462912813	79.85485123378743	Bambalapitiya Junction on Galle Road (Colombo 4)	1775658917.6025927	18	7.0	23.333333333333336	5.854931171483031	19.516437238276772
Dematagoda	6.943065393059455	79.87826854808782	Southside of Dematagoda Canal Bridge, on A1/Baseline Road (Colombo 9)	Borella	6.91083821658074	79.88785806605529	Ayurveda Junction on Sri Jayewardenepura Mawatha (Colombo 8)	1775658921.4638882	12	4.4	22.0	3.7182401539051995	18.591200769525997
Dematagoda	6.943065393059455	79.87826854808782	Southside of Dematagoda Canal Bridge, on A1/Baseline Road (Colombo 9)	Fort	6.931424355241801	79.84220762949998	Lotus Road/Galle Face Roundabout (Colombo 1)	1775658925.3431194	13	5.4	24.923076923076923	4.1878758466593755	19.3286577538125
Fort	6.931424355241801	79.84220762949998	Lotus Road/Galle Face Roundabout (Colombo 1)	Bambalapitiya	6.895575462912813	79.85485123378743	Bambalapitiya Junction on Galle Road (Colombo 4)	1775658929.1511009	12	4.7	23.5	4.203579348537879	21.017896742689395
Fort	6.931424355241801	79.84220762949998	Lotus Road/Galle Face Roundabout (Colombo 1)	Borella	6.91083821658074	79.88785806605529	Ayurveda Junction on Sri Jayewardenepura Mawatha (Colombo 8)	1775658933.0494943	18	6.4	21.333333333333336	5.53489295233741	18.449643174458036
Borella	6.91083821658074	79.88785806605529	Ayurveda Junction on Sri Jayewardenepura Mawatha (Colombo 8)	Wellawatte	6.863365550501378	79.86358885114313	Northside of Dehiwala Bridge, on Galle Road (Colombo 6)	1775658936.8743846	22	7.9	21.545454545454547	5.895525848582909	16.07870685977157
Borella	6.91083821658074	79.88785806605529	Ayurveda Junction on Sri Jayewardenepura Mawatha (Colombo 8)	Pamankada	6.871812810816128	79.88456400975986	High Level Road border of CMC (Colombo 6)	1775658940.692427	16	5.9	22.125	4.331157822922785	16.241841835960443
Borella	6.91083821658074	79.88785806605529	Ayurveda Junction on Sri Jayewardenepura Mawatha (Colombo 8)	Bambalapitiya	6.895575462912813	79.85485123378743	Bambalapitiya Junction on Galle Road (Colombo 4)	1775658944.5801477	12	4.2	21.0	4.019429467730181	20.097147338650906
Bambalapitiya	6.895575462912813	79.85485123378743	Bambalapitiya Junction on Galle Road (Colombo 4)	Wellawatte	6.863365550501378	79.86358885114313	Northside of Dehiwala Bridge, on Galle Road (Colombo 6)	1775658948.411375	11	4.5	24.545454545454547	3.6906855663053997	20.131012179847637
Bambalapitiya	6.895575462912813	79.85485123378743	Bambalapitiya Junction on Galle Road (Colombo 4)	Pamankada	6.871812810816128	79.88456400975986	High Level Road border of CMC (Colombo 6)	1775658952.4053836	15	5.0	20.0	4.205962254627486	16.823849018509943
Pamankada	6.871812810816128	79.88456400975986	High Level Road border of CMC (Colombo 6)	Wellawatte	6.863365550501378	79.86358885114313	Northside of Dehiwala Bridge, on Galle Road (Colombo 6)	1775658956.613273	11	3.5	19.090909090909093	2.4994446844794194	13.633334642615015
Fort	6.931424355241801	79.84220762949998	Lotus Road/Galle Face Roundabout (Colombo 1)	Mattakkuliya	6.980032263089517	79.87550713996588	Southside of Mattakkuliya Bridge, on New Negombo Road (Colombo 15)	1775658960.412037	19	7.2	22.73684210526316	6.514415919658892	20.57183974629124
Dematagoda	6.943065393059455	79.87826854808782	Southside of Dematagoda Canal Bridge, on A1/Baseline Road (Colombo 9)	Mattakkuliya	6.980032263089517	79.87550713996588	Southside of Mattakkuliya Bridge, on New Negombo Road (Colombo 15)	1775658964.2266958	14	5.7	24.42857142857143	4.099560395225095	17.569544550964693
Bambalapitiya	6.895575462912813	79.85485123378743	Bambalapitiya Junction on Galle Road (Colombo 4)	Dematagoda	6.943065393059455	79.87826854808782	Southside of Dematagoda Canal Bridge, on A1/Baseline Road (Colombo 9)	1775658968.065813	20	8.0	24.0	5.854931171483031	17.564793514449093
Borella	6.91083821658074	79.88785806605529	Ayurveda Junction on Sri Jayewardenepura Mawatha (Colombo 8)	Dematagoda	6.943065393059455	79.87826854808782	Southside of Dematagoda Canal Bridge, on A1/Baseline Road (Colombo 9)	1775658971.8774977	15	4.4	17.6	3.7182401539051995	14.872960615620798
Fort	6.931424355241801	79.84220762949998	Lotus Road/Galle Face Roundabout (Colombo 1)	Dematagoda	6.943065393059455	79.87826854808782	Southside of Dematagoda Canal Bridge, on A1/Baseline Road (Colombo 9)	1775658976.06062	14	5.2	22.285714285714285	4.1878758466593755	17.948039342825894
Bambalapitiya	6.895575462912813	79.85485123378743	Bambalapitiya Junction on Galle Road (Colombo 4)	Fort	6.931424355241801	79.84220762949998	Lotus Road/Galle Face Roundabout (Colombo 1)	1775658979.8737388	9	4.2	28.000000000000004	4.203579348537879	28.02386232358586
Borella	6.91083821658074	79.88785806605529	Ayurveda Junction on Sri Jayewardenepura Mawatha (Colombo 8)	Fort	6.931424355241801	79.84220762949998	Lotus Road/Galle Face Roundabout (Colombo 1)	1775658984.061545	16	6.1	22.875	5.53489295233741	20.755848571265286
Wellawatte	6.863365550501378	79.86358885114313	Northside of Dehiwala Bridge, on Galle Road (Colombo 6)	Borella	6.91083821658074	79.88785806605529	Ayurveda Junction on Sri Jayewardenepura Mawatha (Colombo 8)	1775658987.8949804	21	7.7	22.000000000000004	5.895525848582909	16.84435956737974
Pamankada	6.871812810816128	79.88456400975986	High Level Road border of CMC (Colombo 6)	Borella	6.91083821658074	79.88785806605529	Ayurveda Junction on Sri Jayewardenepura Mawatha (Colombo 8)	1775658991.7304118	16	6.5	24.375	4.331157822922785	16.241841835960443
Bambalapitiya	6.895575462912813	79.85485123378743	Bambalapitiya Junction on Galle Road (Colombo 4)	Borella	6.91083821658074	79.88785806605529	Ayurveda Junction on Sri Jayewardenepura Mawatha (Colombo 8)	1775658995.5584576	16	5.0	18.75	4.019429467730181	15.07286050398818
Wellawatte	6.863365550501378	79.86358885114313	Northside of Dehiwala Bridge, on Galle Road (Colombo 6)	Bambalapitiya	6.895575462912813	79.85485123378743	Bambalapitiya Junction on Galle Road (Colombo 4)	1775658999.6973038	11	3.7	20.181818181818183	3.6906855663053997	20.131012179847637
Pamankada	6.871812810816128	79.88456400975986	High Level Road border of CMC (Colombo 6)	Bambalapitiya	6.895575462912813	79.85485123378743	Bambalapitiya Junction on Galle Road (Colombo 4)	1775659003.5029101	15	4.8	19.2	4.205962254627486	16.823849018509943
Wellawatte	6.863365550501378	79.86358885114313	Northside of Dehiwala Bridge, on Galle Road (Colombo 6)	Pamankada	6.871812810816128	79.88456400975986	High Level Road border of CMC (Colombo 6)	1775659007.3451214	10	3.5	21.0	2.4994446844794194	14.996668106876516
Mattakkuliya	6.980032263089517	79.87550713996588	Southside of Mattakkuliya Bridge, on New Negombo Road (Colombo 15)	Kandana	7.046581699037997	79.89717707438007	Cross Junction (A3), Kandana	1775659066.8579152	27	10.2	22.666666666666664	7.739442587039504	17.19876130453223
Dematagoda	6.943065393059455	79.87826854808782	Southside of Dematagoda Canal Bridge, on A1/Baseline Road (Colombo 9)	Kaduwela	6.935663872254112	79.98420623233142	Kaduwela Junction (AB4/AB10/B263), Kaduwela	1775659070.6947925	30	12.2	24.4	11.735693129487954	23.471386258975908
Dematagoda	6.943065393059455	79.87826854808782	Southside of Dematagoda Canal Bridge, on A1/Baseline Road (Colombo 9)	Kiribathgoda	6.978204449845138	79.92727465626395	Kiribathgoda Junction (A1/B221), Kiribathgoda	1775659074.4988	19	8.7	27.473684210526315	6.665422805036668	21.048703594852636
Borella	6.91083821658074	79.88785806605529	Ayurveda Junction on Sri Jayewardenepura Mawatha (Colombo 8)	Aturugiriya	6.87722749527089	79.98987668179261	Aturugiriya Junction (B174/B240), Aturugiriya	1775659078.3244426	33	13.4	24.363636363636363	11.871982333521588	21.585422424584703
Borella	6.91083821658074	79.88785806605529	Ayurveda Junction on Sri Jayewardenepura Mawatha (Colombo 8)	Kaduwela	6.935663872254112	79.98420623233142	Kaduwela Junction (AB4/AB10/B263), Kaduwela	1775659082.1717033	34	13.7	24.176470588235293	10.99600249974914	19.404710293674956
Pamankada	6.871812810816128	79.88456400975986	High Level Road border of CMC (Colombo 6)	Piliyandala	6.801780406413278	79.92271874315743	Piliyandala Junction (B84/B367), Piliyandala	1775659086.0160902	26	10.0	23.076923076923077	8.818695432749612	20.350835614037564
Pamankada	6.871812810816128	79.88456400975986	High Level Road border of CMC (Colombo 6)	Kottawa	6.841647091563346	79.96449174759974	Kottawa Junction (A4/B239), Kottawa	1775659089.820597	28	9.9	21.214285714285715	9.443195657737533	20.23541926658043
Pamankada	6.871812810816128	79.88456400975986	High Level Road border of CMC (Colombo 6)	Aturugiriya	6.87722749527089	79.98987668179261	Aturugiriya Junction (B174/B240), Aturugiriya	1775659093.6564882	38	13.5	21.315789473684212	11.655021131299872	18.402664944157692
Wellawatte	6.863365550501378	79.86358885114313	Northside of Dehiwala Bridge, on Galle Road (Colombo 6)	Moratuwa	6.788030380306272	79.88504495908792	Rawathawatta Junction (A2/B295), Moratuwa	1775659097.505993	31	9.3	18.0	8.662308357843495	16.76575811195515
Kandana	7.046581699037997	79.89717707438007	Cross Junction (A3), Kandana	Mattakkuliya	6.980032263089517	79.87550713996588	Southside of Mattakkuliya Bridge, on New Negombo Road (Colombo 15)	1775659101.3465533	22	9.6	26.181818181818183	7.739442587039504	21.107570691925922
Kaduwela	6.935663872254112	79.98420623233142	Kaduwela Junction (AB4/AB10/B263), Kaduwela	Dematagoda	6.943065393059455	79.87826854808782	Southside of Dematagoda Canal Bridge, on A1/Baseline Road (Colombo 9)	1775659105.2447004	28	12.2	26.142857142857142	11.735693129487954	25.147913848902757
Kiribathgoda	6.978204449845138	79.92727465626395	Kiribathgoda Junction (A1/B221), Kiribathgoda	Dematagoda	6.943065393059455	79.87826854808782	Southside of Dematagoda Canal Bridge, on A1/Baseline Road (Colombo 9)	1775659109.0494177	16	7.5	28.125	6.665422805036668	24.995335518887504
Aturugiriya	6.87722749527089	79.98987668179261	Aturugiriya Junction (B174/B240), Aturugiriya	Borella	6.91083821658074	79.88785806605529	Ayurveda Junction on Sri Jayewardenepura Mawatha (Colombo 8)	1775659112.8788495	31	14.5	28.064516129032256	11.871982333521588	22.978030322945006
Kaduwela	6.935663872254112	79.98420623233142	Kaduwela Junction (AB4/AB10/B263), Kaduwela	Borella	6.91083821658074	79.88785806605529	Ayurveda Junction on Sri Jayewardenepura Mawatha (Colombo 8)	1775659116.7387931	34	13.6	24.0	10.99600249974914	19.404710293674956
Piliyandala	6.801780406413278	79.92271874315743	Piliyandala Junction (B84/B367), Piliyandala	Pamankada	6.871812810816128	79.88456400975986	High Level Road border of CMC (Colombo 6)	1775659120.5384295	21	10.0	28.571428571428573	8.818695432749612	25.196272664998894
Kottawa	6.841647091563346	79.96449174759974	Kottawa Junction (A4/B239), Kottawa	Pamankada	6.871812810816128	79.88456400975986	High Level Road border of CMC (Colombo 6)	1775659124.3821807	24	10.0	25.0	9.443195657737533	23.607989144343833
Aturugiriya	6.87722749527089	79.98987668179261	Aturugiriya Junction (B174/B240), Aturugiriya	Pamankada	6.871812810816128	79.88456400975986	High Level Road border of CMC (Colombo 6)	1775659128.2398922	36	13.5	22.5	11.655021131299872	19.42503521883312
Moratuwa	6.788030380306272	79.88504495908792	Rawathawatta Junction (A2/B295), Moratuwa	Wellawatte	6.863365550501378	79.86358885114313	Northside of Dehiwala Bridge, on Galle Road (Colombo 6)	1775659132.0666018	21	9.3	26.571428571428577	8.662308357843495	24.749452450981416
Mattakkuliya	6.980032263089517	79.87550713996588	Southside of Mattakkuliya Bridge, on New Negombo Road (Colombo 15)	Fort	6.931424355241801	79.84220762949998	Lotus Road/Galle Face Roundabout (Colombo 1)	1775662249.7885978	18	7.2	24.0	6.514415919658892	21.714719732196308
Mattakkuliya	6.980032263089517	79.87550713996588	Southside of Mattakkuliya Bridge, on New Negombo Road (Colombo 15)	Dematagoda	6.943065393059455	79.87826854808782	Southside of Dematagoda Canal Bridge, on A1/Baseline Road (Colombo 9)	1775662254.4273303	13	5.0	23.076923076923077	4.099560395225095	18.921047977961976
Dematagoda	6.943065393059455	79.87826854808782	Southside of Dematagoda Canal Bridge, on A1/Baseline Road (Colombo 9)	Bambalapitiya	6.895575462912813	79.85485123378743	Bambalapitiya Junction on Galle Road (Colombo 4)	1775662258.3295896	18	6.8	22.666666666666668	5.854931171483031	19.516437238276772
Dematagoda	6.943065393059455	79.87826854808782	Southside of Dematagoda Canal Bridge, on A1/Baseline Road (Colombo 9)	Borella	6.91083821658074	79.88785806605529	Ayurveda Junction on Sri Jayewardenepura Mawatha (Colombo 8)	1775662262.3401713	10	4.4	26.400000000000002	3.7182401539051995	22.309440923431197
Dematagoda	6.943065393059455	79.87826854808782	Southside of Dematagoda Canal Bridge, on A1/Baseline Road (Colombo 9)	Fort	6.931424355241801	79.84220762949998	Lotus Road/Galle Face Roundabout (Colombo 1)	1775662266.1781244	12	5.4	27.0	4.1878758466593755	20.939379233296876
Fort	6.931424355241801	79.84220762949998	Lotus Road/Galle Face Roundabout (Colombo 1)	Bambalapitiya	6.895575462912813	79.85485123378743	Bambalapitiya Junction on Galle Road (Colombo 4)	1775662270.1587412	11	4.7	25.63636363636364	4.203579348537879	22.92861462838843
Fort	6.931424355241801	79.84220762949998	Lotus Road/Galle Face Roundabout (Colombo 1)	Borella	6.91083821658074	79.88785806605529	Ayurveda Junction on Sri Jayewardenepura Mawatha (Colombo 8)	1775662274.072113	18	6.8	22.666666666666668	5.53489295233741	18.449643174458036
Borella	6.91083821658074	79.88785806605529	Ayurveda Junction on Sri Jayewardenepura Mawatha (Colombo 8)	Wellawatte	6.863365550501378	79.86358885114313	Northside of Dehiwala Bridge, on Galle Road (Colombo 6)	1775662277.910383	20	8.1	24.3	5.895525848582909	17.68657754574873
Borella	6.91083821658074	79.88785806605529	Ayurveda Junction on Sri Jayewardenepura Mawatha (Colombo 8)	Pamankada	6.871812810816128	79.88456400975986	High Level Road border of CMC (Colombo 6)	1775662281.745455	14	5.9	25.28571428571429	4.331157822922785	18.562104955383365
Borella	6.91083821658074	79.88785806605529	Ayurveda Junction on Sri Jayewardenepura Mawatha (Colombo 8)	Bambalapitiya	6.895575462912813	79.85485123378743	Bambalapitiya Junction on Galle Road (Colombo 4)	1775662285.5928032	11	4.2	22.90909090909091	4.019429467730181	21.92416073307372
Bambalapitiya	6.895575462912813	79.85485123378743	Bambalapitiya Junction on Galle Road (Colombo 4)	Wellawatte	6.863365550501378	79.86358885114313	Northside of Dehiwala Bridge, on Galle Road (Colombo 6)	1775662289.7886958	10	4.5	27.0	3.6906855663053997	22.1441133978324
Bambalapitiya	6.895575462912813	79.85485123378743	Bambalapitiya Junction on Galle Road (Colombo 4)	Pamankada	6.871812810816128	79.88456400975986	High Level Road border of CMC (Colombo 6)	1775662293.9680622	13	5.0	23.076923076923077	4.205962254627486	19.41213348289609
Pamankada	6.871812810816128	79.88456400975986	High Level Road border of CMC (Colombo 6)	Wellawatte	6.863365550501378	79.86358885114313	Northside of Dehiwala Bridge, on Galle Road (Colombo 6)	1775662297.8094687	10	3.5	21.0	2.4994446844794194	14.996668106876516
Fort	6.931424355241801	79.84220762949998	Lotus Road/Galle Face Roundabout (Colombo 1)	Mattakkuliya	6.980032263089517	79.87550713996588	Southside of Mattakkuliya Bridge, on New Negombo Road (Colombo 15)	1775662301.648524	17	7.2	25.411764705882355	6.514415919658892	22.992056187031384
Dematagoda	6.943065393059455	79.87826854808782	Southside of Dematagoda Canal Bridge, on A1/Baseline Road (Colombo 9)	Mattakkuliya	6.980032263089517	79.87550713996588	Southside of Mattakkuliya Bridge, on New Negombo Road (Colombo 15)	1775662305.6379826	13	5.7	26.307692307692307	4.099560395225095	18.921047977961976
Bambalapitiya	6.895575462912813	79.85485123378743	Bambalapitiya Junction on Galle Road (Colombo 4)	Dematagoda	6.943065393059455	79.87826854808782	Southside of Dematagoda Canal Bridge, on A1/Baseline Road (Colombo 9)	1775662309.4757555	19	8.0	25.263157894736842	5.854931171483031	18.489256330999048
Borella	6.91083821658074	79.88785806605529	Ayurveda Junction on Sri Jayewardenepura Mawatha (Colombo 8)	Dematagoda	6.943065393059455	79.87826854808782	Southside of Dematagoda Canal Bridge, on A1/Baseline Road (Colombo 9)	1775662313.360581	13	5.1	23.538461538461537	3.7182401539051995	17.161108402639382
Fort	6.931424355241801	79.84220762949998	Lotus Road/Galle Face Roundabout (Colombo 1)	Dematagoda	6.943065393059455	79.87826854808782	Southside of Dematagoda Canal Bridge, on A1/Baseline Road (Colombo 9)	1775662317.5950322	13	5.2	24.0	4.1878758466593755	19.3286577538125
Bambalapitiya	6.895575462912813	79.85485123378743	Bambalapitiya Junction on Galle Road (Colombo 4)	Fort	6.931424355241801	79.84220762949998	Lotus Road/Galle Face Roundabout (Colombo 1)	1775662321.7663748	8	4.2	31.5	4.203579348537879	31.526845114034092
Borella	6.91083821658074	79.88785806605529	Ayurveda Junction on Sri Jayewardenepura Mawatha (Colombo 8)	Fort	6.931424355241801	79.84220762949998	Lotus Road/Galle Face Roundabout (Colombo 1)	1775662326.0370188	15	6.1	24.4	5.53489295233741	22.13957180934964
Wellawatte	6.863365550501378	79.86358885114313	Northside of Dehiwala Bridge, on Galle Road (Colombo 6)	Borella	6.91083821658074	79.88785806605529	Ayurveda Junction on Sri Jayewardenepura Mawatha (Colombo 8)	1775662329.8898017	20	7.7	23.1	5.895525848582909	17.68657754574873
Pamankada	6.871812810816128	79.88456400975986	High Level Road border of CMC (Colombo 6)	Borella	6.91083821658074	79.88785806605529	Ayurveda Junction on Sri Jayewardenepura Mawatha (Colombo 8)	1775662333.7300022	14	6.5	27.857142857142858	4.331157822922785	18.562104955383365
Bambalapitiya	6.895575462912813	79.85485123378743	Bambalapitiya Junction on Galle Road (Colombo 4)	Borella	6.91083821658074	79.88785806605529	Ayurveda Junction on Sri Jayewardenepura Mawatha (Colombo 8)	1775662337.7322245	13	5.0	23.076923076923077	4.019429467730181	18.551212927985453
Wellawatte	6.863365550501378	79.86358885114313	Northside of Dehiwala Bridge, on Galle Road (Colombo 6)	Bambalapitiya	6.895575462912813	79.85485123378743	Bambalapitiya Junction on Galle Road (Colombo 4)	1775662341.5770864	10	3.7	22.200000000000003	3.6906855663053997	22.1441133978324
Pamankada	6.871812810816128	79.88456400975986	High Level Road border of CMC (Colombo 6)	Bambalapitiya	6.895575462912813	79.85485123378743	Bambalapitiya Junction on Galle Road (Colombo 4)	1775662345.680861	13	4.8	22.153846153846153	4.205962254627486	19.41213348289609
Wellawatte	6.863365550501378	79.86358885114313	Northside of Dehiwala Bridge, on Galle Road (Colombo 6)	Pamankada	6.871812810816128	79.88456400975986	High Level Road border of CMC (Colombo 6)	1775662349.8468993	9	3.5	23.333333333333336	2.4994446844794194	16.66296456319613
Mattakkuliya	6.980032263089517	79.87550713996588	Southside of Mattakkuliya Bridge, on New Negombo Road (Colombo 15)	Kandana	7.046581699037997	79.89717707438007	Cross Junction (A3), Kandana	1775662406.098352	23	10.3	26.869565217391305	7.739442587039504	20.189850227059573
Dematagoda	6.943065393059455	79.87826854808782	Southside of Dematagoda Canal Bridge, on A1/Baseline Road (Colombo 9)	Kaduwela	6.935663872254112	79.98420623233142	Kaduwela Junction (AB4/AB10/B263), Kaduwela	1775662410.4086463	26	12.2	28.15384615384615	11.735693129487954	27.082368760356815
Dematagoda	6.943065393059455	79.87826854808782	Southside of Dematagoda Canal Bridge, on A1/Baseline Road (Colombo 9)	Kiribathgoda	6.978204449845138	79.92727465626395	Kiribathgoda Junction (A1/B221), Kiribathgoda	1775662414.6773334	18	7.7	25.666666666666668	6.665422805036668	22.218076016788896
Borella	6.91083821658074	79.88785806605529	Ayurveda Junction on Sri Jayewardenepura Mawatha (Colombo 8)	Aturugiriya	6.87722749527089	79.98987668179261	Aturugiriya Junction (B174/B240), Aturugiriya	1775662418.63293	27	13.4	29.77777777777778	11.871982333521588	26.382182963381307
Borella	6.91083821658074	79.88785806605529	Ayurveda Junction on Sri Jayewardenepura Mawatha (Colombo 8)	Kaduwela	6.935663872254112	79.98420623233142	Kaduwela Junction (AB4/AB10/B263), Kaduwela	1775662422.4828181	30	14.0	28.0	10.99600249974914	21.99200499949828
Pamankada	6.871812810816128	79.88456400975986	High Level Road border of CMC (Colombo 6)	Piliyandala	6.801780406413278	79.92271874315743	Piliyandala Junction (B84/B367), Piliyandala	1775662426.3293684	21	9.8	28.000000000000004	8.818695432749612	25.196272664998894
Pamankada	6.871812810816128	79.88456400975986	High Level Road border of CMC (Colombo 6)	Kottawa	6.841647091563346	79.96449174759974	Kottawa Junction (A4/B239), Kottawa	1775662430.2442365	22	9.9	27.000000000000004	9.443195657737533	25.75416997564782
Pamankada	6.871812810816128	79.88456400975986	High Level Road border of CMC (Colombo 6)	Aturugiriya	6.87722749527089	79.98987668179261	Aturugiriya Junction (B174/B240), Aturugiriya	1775662434.2885258	31	13.5	26.129032258064512	11.655021131299872	22.558105415419103
Wellawatte	6.863365550501378	79.86358885114313	Northside of Dehiwala Bridge, on Galle Road (Colombo 6)	Moratuwa	6.788030380306272	79.88504495908792	Rawathawatta Junction (A2/B295), Moratuwa	1775662438.1397247	24	9.3	23.25	8.662308357843495	21.655770894608736
Kandana	7.046581699037997	79.89717707438007	Cross Junction (A3), Kandana	Mattakkuliya	6.980032263089517	79.87550713996588	Southside of Mattakkuliya Bridge, on New Negombo Road (Colombo 15)	1775662442.0220935	20	9.7	29.099999999999998	7.739442587039504	23.218327761118513
Kaduwela	6.935663872254112	79.98420623233142	Kaduwela Junction (AB4/AB10/B263), Kaduwela	Dematagoda	6.943065393059455	79.87826854808782	Southside of Dematagoda Canal Bridge, on A1/Baseline Road (Colombo 9)	1775662445.8797421	25	12.2	29.279999999999998	11.735693129487954	28.16566351077109
Kiribathgoda	6.978204449845138	79.92727465626395	Kiribathgoda Junction (A1/B221), Kiribathgoda	Dematagoda	6.943065393059455	79.87826854808782	Southside of Dematagoda Canal Bridge, on A1/Baseline Road (Colombo 9)	1775662449.7203994	12	7.5	37.5	6.665422805036668	33.327114025183334
Aturugiriya	6.87722749527089	79.98987668179261	Aturugiriya Junction (B174/B240), Aturugiriya	Borella	6.91083821658074	79.88785806605529	Ayurveda Junction on Sri Jayewardenepura Mawatha (Colombo 8)	1775662453.5592346	28	14.0	30.0	11.871982333521588	25.439962143260544
Kaduwela	6.935663872254112	79.98420623233142	Kaduwela Junction (AB4/AB10/B263), Kaduwela	Borella	6.91083821658074	79.88785806605529	Ayurveda Junction on Sri Jayewardenepura Mawatha (Colombo 8)	1775662457.4092352	31	13.6	26.32258064516129	10.99600249974914	21.282585483385432
Piliyandala	6.801780406413278	79.92271874315743	Piliyandala Junction (B84/B367), Piliyandala	Pamankada	6.871812810816128	79.88456400975986	High Level Road border of CMC (Colombo 6)	1775662461.2810707	19	9.8	30.947368421052634	8.818695432749612	27.848511892893512
Kottawa	6.841647091563346	79.96449174759974	Kottawa Junction (A4/B239), Kottawa	Pamankada	6.871812810816128	79.88456400975986	High Level Road border of CMC (Colombo 6)	1775662465.2524297	21	10.0	28.571428571428573	9.443195657737533	26.98055902210724
Aturugiriya	6.87722749527089	79.98987668179261	Aturugiriya Junction (B174/B240), Aturugiriya	Pamankada	6.871812810816128	79.88456400975986	High Level Road border of CMC (Colombo 6)	1775662469.1041389	31	13.5	26.129032258064512	11.655021131299872	22.558105415419103
Moratuwa	6.788030380306272	79.88504495908792	Rawathawatta Junction (A2/B295), Moratuwa	Wellawatte	6.863365550501378	79.86358885114313	Northside of Dehiwala Bridge, on Galle Road (Colombo 6)	1775662472.9511435	20	9.3	27.900000000000002	8.662308357843495	25.986925073530486
